model,suite,question_id,claude_score,score_reason
architect_coding_baseline,agentic,t3_q1_competing_constraints,2,"JSON present, unclear tool structure"
architect_coding_baseline,agentic,t3_q2_multi_agent_coordination,2,"JSON present, unclear tool structure"
architect_coding_baseline,agentic,t3_q3_adversarial_robustness,1,No tool call structure
architect_coding_baseline,agentic,t2_q1_ambiguous,1,No tool call structure
architect_coding_baseline,agentic,t2_q2_error_chain,2,"JSON present, unclear tool structure"
architect_coding_baseline,agentic,t2_q3_schema_edge,2,"JSON present, unclear tool structure"
architect_coding_baseline,agentic,t2_q4_orchestration,3,Tool call structure present
architect_coding_baseline,agentic,t1_q1_sequential,3,Tool call structure present
architect_coding_baseline,agentic,t1_q2_error_handling,3,Tool call structure present
architect_coding_baseline,agentic,t1_q3_nested_params,2,"JSON present, unclear tool structure"
architect_coding_baseline,thinking,t3_q1_methodological_critique,1,Limited reasoning
architect_coding_baseline,thinking,t3_q2_causal_inference,2,Some reasoning present
architect_coding_baseline,thinking,t3_q3_reasoning_trap,3,Strong reasoning chain
architect_coding_baseline,thinking,t2_q1_paradox,3,Strong reasoning chain
architect_coding_baseline,thinking,t2_q2_counterfactual,2,Some reasoning present
architect_coding_baseline,thinking,t2_q3_formal,3,Strong reasoning chain
architect_coding_baseline,thinking,t2_q4_metacognition,2,Some reasoning present
architect_coding_baseline,thinking,t1_q1_multistep,3,Strong reasoning chain
architect_coding_baseline,thinking,t1_q2_hypothesis,1,Limited reasoning
architect_coding_baseline,thinking,t1_q3_planning,3,Strong reasoning chain
architect_coding_baseline,long_context,t1_q1_needle,2,Response present
architect_coding_baseline,long_context,t1_q2_multi_file,3,Detailed response
architect_coding_baseline,long_context,t3_q1_multi_hop_reasoning,3,Detailed response
architect_coding_baseline,long_context,t3_q2_contradiction_detection,3,Detailed response
architect_coding_baseline,long_context,t3_q3_evolving_requirements,3,Detailed response
architect_coding_baseline,long_context,t2_q2_synthesis,3,Detailed response
architect_coding_baseline,long_context,t2_q1_deep_needle,2,Response present
architect_coding_baseline,long_context,t2_q3_architecture,3,Detailed response
architect_coding_baseline,long_context,t1_q3_extraction,3,Detailed response
architect_coding_baseline,general,t3_q1_policy_analysis,3,Substantive response
architect_coding_baseline,general,t3_q2_system_failure,3,Substantive response
architect_coding_baseline,general,t3_q3_strategic_communication,3,Substantive response
architect_coding_baseline,general,t2_q1_synthesis,3,Substantive response
architect_coding_baseline,general,t2_q2_transform,3,Substantive response
architect_coding_baseline,general,t2_q3_schedule,3,Substantive response
architect_coding_baseline,general,t2_q4_inconsistency,3,Substantive response
architect_coding_baseline,general,t1_q1_json,3,JSON format present
architect_coding_baseline,general,t1_q2_multistep,3,Substantive response
architect_coding_baseline,general,t1_q3_compare,3,Substantive response
architect_coding_baseline,math,t3_q1_analysis,2,Mathematical reasoning present
architect_coding_baseline,math,t3_q2_combinatorics,2,Mathematical reasoning present
architect_coding_baseline,math,t3_q3_probability_theory,2,Mathematical reasoning present
architect_coding_baseline,math,t2_q1_optimization,2,Mathematical reasoning present
architect_coding_baseline,math,t2_q2_proof,2,Mathematical reasoning present
architect_coding_baseline,math,t2_q3_calculus,2,Mathematical reasoning present
architect_coding_baseline,math,t2_q4_statistics,2,Mathematical reasoning present
architect_coding_baseline,math,t1_q1_word_problem,3,Contains expected answer '15'
architect_coding_baseline,math,t1_q2_system_equations,2,Mathematical reasoning present
architect_coding_baseline,math,t1_q3_probability,2,Mathematical reasoning present
architect_coding_baseline,coder,t3_q1_concurrent_correctness,3,Code solution present
architect_coding_baseline,coder,t3_q2_distributed_consistency,1,No code in response
architect_coding_baseline,coder,t3_q3_algorithmic_hardness,1,No code in response
architect_coding_baseline,coder,t2_q1_design,3,Code solution present
architect_coding_baseline,coder,t2_q2_debug_complex,3,Code solution present
architect_coding_baseline,coder,t2_q3_optimize,3,Code solution present
architect_coding_baseline,coder,t2_q4_system,3,Code solution present
architect_coding_baseline,coder,t1_q1_algorithm,3,Code solution present
architect_coding_baseline,coder,t1_q2_refactor,3,Code solution present
architect_coding_baseline,coder,t1_q3_test,3,Code solution present
architect_coding_baseline,instruction_precision,t3_q1_self_referential,2,"Response present, precision unclear"
architect_coding_baseline,instruction_precision,t3_q2_cascading_constraints,2,"Response present, precision unclear"
architect_coding_baseline,instruction_precision,t3_q3_meta_instruction,2,"Response present, precision unclear"
architect_coding_baseline,instruction_precision,t2_q1_resist_elaboration,0,Minimal/empty output
architect_coding_baseline,instruction_precision,t2_q2_maintain_format,2,"Response present, precision unclear"
architect_coding_baseline,instruction_precision,t2_q3_empty_handling,0,Minimal/empty output
architect_coding_baseline,instruction_precision,t2_q4_conflicting_constraints,2,"Response present, precision unclear"
architect_coding_baseline,instruction_precision,t1_q1_negative_instruction,2,"Response present, precision unclear"
architect_coding_baseline,instruction_precision,t1_q2_word_limit,2,"Response present, precision unclear"
architect_coding_baseline,instruction_precision,t1_q3_structured_format,1,Brief response
architect_coding_baseline,instruction_precision,t1_q4_multiple_constraints,1,Brief response
architect_general_baseline,thinking,t3_q1_methodological_critique,2,Some reasoning present
architect_general_baseline,thinking,t3_q2_causal_inference,3,Strong reasoning chain
architect_general_baseline,thinking,t3_q3_reasoning_trap,3,Strong reasoning chain
architect_general_baseline,thinking,t2_q1_paradox,3,Strong reasoning chain
architect_general_baseline,thinking,t2_q2_counterfactual,2,Some reasoning present
architect_general_baseline,thinking,t2_q3_formal,3,Strong reasoning chain
architect_general_baseline,thinking,t2_q4_metacognition,3,Strong reasoning chain
architect_general_baseline,thinking,t1_q1_multistep,2,Some reasoning present
architect_general_baseline,thinking,t1_q2_hypothesis,2,Some reasoning present
architect_general_baseline,thinking,t1_q3_planning,3,Strong reasoning chain
architect_general_baseline,instruction_precision,t3_q1_self_referential,2,"Response present, precision unclear"
architect_general_baseline,instruction_precision,t3_q2_cascading_constraints,2,"Response present, precision unclear"
architect_general_baseline,instruction_precision,t3_q3_meta_instruction,2,"Response present, precision unclear"
architect_general_baseline,instruction_precision,t2_q1_resist_elaboration,2,"Response present, precision unclear"
architect_general_baseline,instruction_precision,t2_q2_maintain_format,2,"Response present, precision unclear"
architect_general_baseline,instruction_precision,t2_q3_empty_handling,2,"Response present, precision unclear"
architect_general_baseline,instruction_precision,t2_q4_conflicting_constraints,2,"Response present, precision unclear"
architect_general_baseline,instruction_precision,t1_q1_negative_instruction,2,"Response present, precision unclear"
architect_general_baseline,instruction_precision,t1_q2_word_limit,2,"Response present, precision unclear"
architect_general_baseline,instruction_precision,t1_q3_structured_format,2,"Response present, precision unclear"
architect_general_baseline,instruction_precision,t1_q4_multiple_constraints,2,"Response present, precision unclear"
architect_general_baseline,agentic,t3_q1_competing_constraints,3,Tool call structure present
architect_general_baseline,agentic,t3_q2_multi_agent_coordination,3,Tool call structure present
architect_general_baseline,agentic,t3_q3_adversarial_robustness,3,Tool call structure present
architect_general_baseline,agentic,t2_q1_ambiguous,3,Tool call structure present
architect_general_baseline,agentic,t2_q2_error_chain,3,Tool call structure present
architect_general_baseline,agentic,t2_q3_schema_edge,2,"JSON present, unclear tool structure"
architect_general_baseline,agentic,t2_q4_orchestration,3,Tool call structure present
architect_general_baseline,agentic,t1_q1_sequential,3,Tool call structure present
architect_general_baseline,agentic,t1_q2_error_handling,2,"JSON present, unclear tool structure"
architect_general_baseline,agentic,t1_q3_nested_params,3,Tool call structure present
architect_general_baseline,long_context,t3_q2_contradiction_detection,3,Detailed response
architect_general_baseline,long_context,t1_q1_needle,3,Detailed response
architect_general_baseline,long_context,t1_q2_multi_file,3,Detailed response
architect_general_baseline,long_context,t1_q3_extraction,3,Detailed response
architect_general_baseline,long_context,t3_q3_evolving_requirements,3,Detailed response
architect_general_baseline,long_context,t3_q1_multi_hop_reasoning,3,Detailed response
architect_general_baseline,coder,t3_q1_concurrent_correctness,3,Code solution present
architect_general_baseline,coder,t3_q2_distributed_consistency,3,Code solution present
architect_general_baseline,coder,t3_q3_algorithmic_hardness,3,Code solution present
architect_general_baseline,coder,t2_q1_design,3,Code solution present
architect_general_baseline,coder,t2_q2_debug_complex,3,Code solution present
architect_general_baseline,coder,t2_q3_optimize,3,Code solution present
architect_general_baseline,coder,t2_q4_system,3,Code solution present
architect_general_baseline,coder,t1_q1_algorithm,3,Code solution present
architect_general_baseline,coder,t1_q2_refactor,3,Code solution present
architect_general_baseline,coder,t1_q3_test,3,Code solution present
architect_general_baseline,general,t3_q1_policy_analysis,3,Substantive response
architect_general_baseline,general,t3_q2_system_failure,3,Substantive response
architect_general_baseline,general,t3_q3_strategic_communication,3,Substantive response
architect_general_baseline,general,t2_q1_synthesis,3,Substantive response
architect_general_baseline,general,t2_q2_transform,3,Substantive response
architect_general_baseline,general,t2_q3_schedule,3,Substantive response
architect_general_baseline,general,t2_q4_inconsistency,3,Substantive response
architect_general_baseline,general,t1_q1_json,3,JSON format present
architect_general_baseline,general,t1_q2_multistep,3,Substantive response
architect_general_baseline,general,t1_q3_compare,3,Substantive response
architect_general_baseline,math,t3_q1_analysis,2,Mathematical reasoning present
architect_general_baseline,math,t3_q2_combinatorics,2,Mathematical reasoning present
architect_general_baseline,math,t3_q3_probability_theory,2,Mathematical reasoning present
architect_general_baseline,math,t2_q1_optimization,2,Mathematical reasoning present
architect_general_baseline,math,t2_q2_proof,2,Mathematical reasoning present
architect_general_baseline,math,t2_q3_calculus,2,Mathematical reasoning present
architect_general_baseline,math,t2_q4_statistics,2,Mathematical reasoning present
architect_general_baseline,math,t1_q1_word_problem,3,Contains expected answer '15'
architect_general_baseline,math,t1_q2_system_equations,2,Mathematical reasoning present
architect_general_baseline,math,t1_q3_probability,2,Mathematical reasoning present
architect_hermes_4_70b_baseline,instruction_precision,t2_q2_maintain_format,2,"Response present, precision unclear"
architect_hermes_4_70b_baseline,instruction_precision,t2_q4_conflicting_constraints,2,"Response present, precision unclear"
architect_hermes_4_70b_baseline,instruction_precision,t1_q4_multiple_constraints,2,"Response present, precision unclear"
architect_hermes_4_70b_baseline,instruction_precision,t3_q1_self_referential,2,"Response present, precision unclear"
architect_hermes_4_70b_baseline,instruction_precision,t3_q2_cascading_constraints,2,"Response present, precision unclear"
architect_hermes_4_70b_baseline,instruction_precision,t3_q3_meta_instruction,2,"Response present, precision unclear"
architect_hermes_4_70b_baseline,instruction_precision,t2_q1_resist_elaboration,2,"Response present, precision unclear"
architect_hermes_4_70b_baseline,instruction_precision,t2_q3_empty_handling,2,"Response present, precision unclear"
architect_hermes_4_70b_baseline,instruction_precision,t1_q1_negative_instruction,2,"Response present, precision unclear"
architect_hermes_4_70b_baseline,instruction_precision,t1_q2_word_limit,2,"Response present, precision unclear"
architect_hermes_4_70b_baseline,instruction_precision,t1_q3_structured_format,2,"Response present, precision unclear"
architect_hermes_4_70b_baseline,agentic,t2_q2_error_chain,3,Tool call structure present
architect_hermes_4_70b_baseline,agentic,t1_q3_nested_params,3,Tool call structure present
architect_hermes_4_70b_baseline,agentic,t3_q1_competing_constraints,3,Tool call structure present
architect_hermes_4_70b_baseline,agentic,t3_q2_multi_agent_coordination,3,Tool call structure present
architect_hermes_4_70b_baseline,agentic,t3_q3_adversarial_robustness,3,Tool call structure present
architect_hermes_4_70b_baseline,agentic,t2_q1_ambiguous,3,Tool call structure present
architect_hermes_4_70b_baseline,agentic,t2_q3_schema_edge,3,Tool call structure present
architect_hermes_4_70b_baseline,agentic,t2_q4_orchestration,3,Tool call structure present
architect_hermes_4_70b_baseline,agentic,t1_q1_sequential,3,Tool call structure present
architect_hermes_4_70b_baseline,agentic,t1_q2_error_handling,3,Tool call structure present
architect_hermes_4_70b_baseline,general,t1_q1_json,3,JSON format present
architect_hermes_4_70b_baseline,general,t3_q1_policy_analysis,3,Substantive response
architect_hermes_4_70b_baseline,general,t3_q2_system_failure,3,Substantive response
architect_hermes_4_70b_baseline,general,t3_q3_strategic_communication,3,Substantive response
architect_hermes_4_70b_baseline,general,t2_q1_synthesis,3,Substantive response
architect_hermes_4_70b_baseline,general,t2_q2_transform,3,Substantive response
architect_hermes_4_70b_baseline,general,t2_q3_schedule,3,Substantive response
architect_hermes_4_70b_baseline,general,t2_q4_inconsistency,3,Substantive response
architect_hermes_4_70b_baseline,general,t1_q2_multistep,3,Substantive response
architect_hermes_4_70b_baseline,general,t1_q3_compare,3,Substantive response
architect_hermes_4_70b_baseline,math,t2_q3_calculus,2,Mathematical reasoning present
architect_hermes_4_70b_baseline,math,t1_q1_word_problem,3,Contains expected answer '15'
architect_hermes_4_70b_baseline,math,t3_q1_analysis,2,Mathematical reasoning present
architect_hermes_4_70b_baseline,math,t3_q2_combinatorics,2,Mathematical reasoning present
architect_hermes_4_70b_baseline,math,t3_q3_probability_theory,2,Mathematical reasoning present
architect_hermes_4_70b_baseline,math,t2_q1_optimization,2,Mathematical reasoning present
architect_hermes_4_70b_baseline,math,t2_q2_proof,2,Mathematical reasoning present
architect_hermes_4_70b_baseline,math,t2_q4_statistics,2,Mathematical reasoning present
architect_hermes_4_70b_baseline,math,t1_q2_system_equations,2,Mathematical reasoning present
architect_hermes_4_70b_baseline,math,t1_q3_probability,2,Mathematical reasoning present
architect_hermes_4_70b_baseline,thinking,t2_q1_paradox,3,Strong reasoning chain
architect_hermes_4_70b_baseline,thinking,t1_q2_hypothesis,1,Limited reasoning
architect_hermes_4_70b_baseline,thinking,t3_q1_methodological_critique,2,Some reasoning present
architect_hermes_4_70b_baseline,thinking,t3_q2_causal_inference,3,Strong reasoning chain
architect_hermes_4_70b_baseline,thinking,t3_q3_reasoning_trap,3,Strong reasoning chain
architect_hermes_4_70b_baseline,thinking,t2_q2_counterfactual,2,Some reasoning present
architect_hermes_4_70b_baseline,thinking,t2_q3_formal,3,Strong reasoning chain
architect_hermes_4_70b_baseline,thinking,t2_q4_metacognition,3,Strong reasoning chain
architect_hermes_4_70b_baseline,thinking,t1_q1_multistep,3,Strong reasoning chain
architect_hermes_4_70b_baseline,thinking,t1_q3_planning,2,Some reasoning present
architect_hermes_4_70b_baseline,coder,t3_q1_concurrent_correctness,3,Code solution present
architect_hermes_4_70b_baseline,coder,t3_q2_distributed_consistency,3,Code solution present
architect_hermes_4_70b_baseline,coder,t3_q3_algorithmic_hardness,1,No code in response
architect_hermes_4_70b_baseline,coder,t2_q1_design,3,Code solution present
architect_hermes_4_70b_baseline,coder,t2_q2_debug_complex,3,Code solution present
architect_hermes_4_70b_baseline,coder,t2_q3_optimize,3,Code solution present
architect_hermes_4_70b_baseline,coder,t2_q4_system,3,Code solution present
architect_hermes_4_70b_baseline,coder,t1_q1_algorithm,3,Code solution present
architect_hermes_4_70b_baseline,coder,t1_q2_refactor,3,Code solution present
architect_hermes_4_70b_baseline,coder,t1_q3_test,3,Code solution present
architect_meta_llama_3_1_70b_baseline,thinking,t3_q1_methodological_critique,2,Some reasoning present
architect_meta_llama_3_1_70b_baseline,thinking,t3_q2_causal_inference,3,Strong reasoning chain
architect_meta_llama_3_1_70b_baseline,thinking,t3_q3_reasoning_trap,3,Strong reasoning chain
architect_meta_llama_3_1_70b_baseline,thinking,t2_q1_paradox,3,Strong reasoning chain
architect_meta_llama_3_1_70b_baseline,thinking,t2_q2_counterfactual,2,Some reasoning present
architect_meta_llama_3_1_70b_baseline,thinking,t2_q3_formal,3,Strong reasoning chain
architect_meta_llama_3_1_70b_baseline,thinking,t2_q4_metacognition,2,Some reasoning present
architect_meta_llama_3_1_70b_baseline,thinking,t1_q1_multistep,3,Strong reasoning chain
architect_meta_llama_3_1_70b_baseline,thinking,t1_q2_hypothesis,3,Strong reasoning chain
architect_meta_llama_3_1_70b_baseline,thinking,t1_q3_planning,3,Strong reasoning chain
architect_meta_llama_3_1_70b_baseline,coder,t3_q1_concurrent_correctness,3,Code solution present
architect_meta_llama_3_1_70b_baseline,coder,t3_q2_distributed_consistency,3,Code solution present
architect_meta_llama_3_1_70b_baseline,coder,t3_q3_algorithmic_hardness,1,No code in response
architect_meta_llama_3_1_70b_baseline,coder,t2_q1_design,3,Code solution present
architect_meta_llama_3_1_70b_baseline,coder,t2_q2_debug_complex,3,Code solution present
architect_meta_llama_3_1_70b_baseline,coder,t2_q3_optimize,3,Code solution present
architect_meta_llama_3_1_70b_baseline,coder,t2_q4_system,3,Code solution present
architect_meta_llama_3_1_70b_baseline,coder,t1_q1_algorithm,3,Code solution present
architect_meta_llama_3_1_70b_baseline,coder,t1_q2_refactor,3,Code solution present
architect_meta_llama_3_1_70b_baseline,coder,t1_q3_test,3,Code solution present
architect_meta_llama_3_1_70b_baseline,agentic,t3_q1_competing_constraints,3,Tool call structure present
architect_meta_llama_3_1_70b_baseline,agentic,t3_q2_multi_agent_coordination,3,Tool call structure present
architect_meta_llama_3_1_70b_baseline,agentic,t3_q3_adversarial_robustness,3,Tool call structure present
architect_meta_llama_3_1_70b_baseline,agentic,t2_q1_ambiguous,3,Tool call structure present
architect_meta_llama_3_1_70b_baseline,agentic,t2_q2_error_chain,3,Tool call structure present
architect_meta_llama_3_1_70b_baseline,agentic,t2_q3_schema_edge,3,Tool call structure present
architect_meta_llama_3_1_70b_baseline,agentic,t2_q4_orchestration,3,Tool call structure present
architect_meta_llama_3_1_70b_baseline,agentic,t1_q1_sequential,3,Tool call structure present
architect_meta_llama_3_1_70b_baseline,agentic,t1_q2_error_handling,3,Tool call structure present
architect_meta_llama_3_1_70b_baseline,agentic,t1_q3_nested_params,3,Tool call structure present
architect_meta_llama_3_1_70b_baseline,general,t3_q1_policy_analysis,3,Substantive response
architect_meta_llama_3_1_70b_baseline,general,t3_q2_system_failure,3,Substantive response
architect_meta_llama_3_1_70b_baseline,general,t3_q3_strategic_communication,3,Substantive response
architect_meta_llama_3_1_70b_baseline,general,t2_q1_synthesis,3,Substantive response
architect_meta_llama_3_1_70b_baseline,general,t2_q2_transform,3,Substantive response
architect_meta_llama_3_1_70b_baseline,general,t2_q3_schedule,3,Substantive response
architect_meta_llama_3_1_70b_baseline,general,t2_q4_inconsistency,3,Substantive response
architect_meta_llama_3_1_70b_baseline,general,t1_q1_json,3,JSON format present
architect_meta_llama_3_1_70b_baseline,general,t1_q2_multistep,3,Substantive response
architect_meta_llama_3_1_70b_baseline,general,t1_q3_compare,3,Substantive response
architect_meta_llama_3_1_70b_baseline,math,t3_q1_analysis,2,Mathematical reasoning present
architect_meta_llama_3_1_70b_baseline,math,t3_q2_combinatorics,2,Mathematical reasoning present
architect_meta_llama_3_1_70b_baseline,math,t3_q3_probability_theory,2,Mathematical reasoning present
architect_meta_llama_3_1_70b_baseline,math,t2_q1_optimization,2,Mathematical reasoning present
architect_meta_llama_3_1_70b_baseline,math,t2_q2_proof,2,Mathematical reasoning present
architect_meta_llama_3_1_70b_baseline,math,t2_q3_calculus,2,Mathematical reasoning present
architect_meta_llama_3_1_70b_baseline,math,t2_q4_statistics,2,Mathematical reasoning present
architect_meta_llama_3_1_70b_baseline,math,t1_q1_word_problem,3,Contains expected answer '15'
architect_meta_llama_3_1_70b_baseline,math,t1_q2_system_equations,2,Mathematical reasoning present
architect_meta_llama_3_1_70b_baseline,math,t1_q3_probability,2,Mathematical reasoning present
architect_meta_llama_3_1_70b_baseline,instruction_precision,t3_q1_self_referential,2,"Response present, precision unclear"
architect_meta_llama_3_1_70b_baseline,instruction_precision,t3_q2_cascading_constraints,2,"Response present, precision unclear"
architect_meta_llama_3_1_70b_baseline,instruction_precision,t3_q3_meta_instruction,2,"Response present, precision unclear"
architect_meta_llama_3_1_70b_baseline,instruction_precision,t2_q1_resist_elaboration,2,"Response present, precision unclear"
architect_meta_llama_3_1_70b_baseline,instruction_precision,t2_q2_maintain_format,2,"Response present, precision unclear"
architect_meta_llama_3_1_70b_baseline,instruction_precision,t2_q3_empty_handling,2,"Response present, precision unclear"
architect_meta_llama_3_1_70b_baseline,instruction_precision,t2_q4_conflicting_constraints,2,"Response present, precision unclear"
architect_meta_llama_3_1_70b_baseline,instruction_precision,t1_q1_negative_instruction,2,"Response present, precision unclear"
architect_meta_llama_3_1_70b_baseline,instruction_precision,t1_q2_word_limit,2,"Response present, precision unclear"
architect_meta_llama_3_1_70b_baseline,instruction_precision,t1_q3_structured_format,2,"Response present, precision unclear"
architect_meta_llama_3_1_70b_baseline,instruction_precision,t1_q4_multiple_constraints,2,"Response present, precision unclear"
architect_meta_llama_3_70b_baseline,agentic,t3_q1_competing_constraints,3,Tool call structure present
architect_meta_llama_3_70b_baseline,agentic,t3_q2_multi_agent_coordination,3,Tool call structure present
architect_meta_llama_3_70b_baseline,agentic,t3_q3_adversarial_robustness,3,Tool call structure present
architect_meta_llama_3_70b_baseline,agentic,t2_q1_ambiguous,3,Tool call structure present
architect_meta_llama_3_70b_baseline,agentic,t2_q2_error_chain,3,Tool call structure present
architect_meta_llama_3_70b_baseline,agentic,t2_q3_schema_edge,3,Tool call structure present
architect_meta_llama_3_70b_baseline,agentic,t2_q4_orchestration,3,Tool call structure present
architect_meta_llama_3_70b_baseline,agentic,t1_q1_sequential,3,Tool call structure present
architect_meta_llama_3_70b_baseline,agentic,t1_q2_error_handling,3,Tool call structure present
architect_meta_llama_3_70b_baseline,agentic,t1_q3_nested_params,3,Tool call structure present
architect_meta_llama_3_70b_baseline,general,t3_q1_policy_analysis,3,Substantive response
architect_meta_llama_3_70b_baseline,general,t3_q2_system_failure,3,Substantive response
architect_meta_llama_3_70b_baseline,general,t3_q3_strategic_communication,3,Substantive response
architect_meta_llama_3_70b_baseline,general,t2_q1_synthesis,3,Substantive response
architect_meta_llama_3_70b_baseline,general,t2_q2_transform,3,Substantive response
architect_meta_llama_3_70b_baseline,general,t2_q3_schedule,3,Substantive response
architect_meta_llama_3_70b_baseline,general,t2_q4_inconsistency,3,Substantive response
architect_meta_llama_3_70b_baseline,general,t1_q1_json,3,JSON format present
architect_meta_llama_3_70b_baseline,general,t1_q2_multistep,3,Substantive response
architect_meta_llama_3_70b_baseline,general,t1_q3_compare,3,Substantive response
architect_meta_llama_3_70b_baseline,coder,t3_q1_concurrent_correctness,3,Code solution present
architect_meta_llama_3_70b_baseline,coder,t3_q2_distributed_consistency,3,Code solution present
architect_meta_llama_3_70b_baseline,coder,t3_q3_algorithmic_hardness,3,Code solution present
architect_meta_llama_3_70b_baseline,coder,t2_q1_design,3,Code solution present
architect_meta_llama_3_70b_baseline,coder,t2_q2_debug_complex,3,Code solution present
architect_meta_llama_3_70b_baseline,coder,t2_q3_optimize,3,Code solution present
architect_meta_llama_3_70b_baseline,coder,t2_q4_system,3,Code solution present
architect_meta_llama_3_70b_baseline,coder,t1_q1_algorithm,3,Code solution present
architect_meta_llama_3_70b_baseline,coder,t1_q2_refactor,3,Code solution present
architect_meta_llama_3_70b_baseline,coder,t1_q3_test,3,Code solution present
architect_meta_llama_3_70b_baseline,math,t3_q1_analysis,2,Mathematical reasoning present
architect_meta_llama_3_70b_baseline,math,t3_q2_combinatorics,2,Mathematical reasoning present
architect_meta_llama_3_70b_baseline,math,t3_q3_probability_theory,2,Mathematical reasoning present
architect_meta_llama_3_70b_baseline,math,t2_q1_optimization,2,Mathematical reasoning present
architect_meta_llama_3_70b_baseline,math,t2_q2_proof,2,Mathematical reasoning present
architect_meta_llama_3_70b_baseline,math,t2_q3_calculus,2,Mathematical reasoning present
architect_meta_llama_3_70b_baseline,math,t2_q4_statistics,1,Attempted but unclear
architect_meta_llama_3_70b_baseline,math,t1_q1_word_problem,3,Contains expected answer '15'
architect_meta_llama_3_70b_baseline,math,t1_q2_system_equations,2,Mathematical reasoning present
architect_meta_llama_3_70b_baseline,math,t1_q3_probability,1,Attempted but unclear
architect_meta_llama_3_70b_baseline,instruction_precision,t3_q1_self_referential,2,"Response present, precision unclear"
architect_meta_llama_3_70b_baseline,instruction_precision,t3_q2_cascading_constraints,2,"Response present, precision unclear"
architect_meta_llama_3_70b_baseline,instruction_precision,t3_q3_meta_instruction,2,"Response present, precision unclear"
architect_meta_llama_3_70b_baseline,instruction_precision,t2_q1_resist_elaboration,2,"Response present, precision unclear"
architect_meta_llama_3_70b_baseline,instruction_precision,t2_q2_maintain_format,2,"Response present, precision unclear"
architect_meta_llama_3_70b_baseline,instruction_precision,t2_q3_empty_handling,2,"Response present, precision unclear"
architect_meta_llama_3_70b_baseline,instruction_precision,t2_q4_conflicting_constraints,2,"Response present, precision unclear"
architect_meta_llama_3_70b_baseline,instruction_precision,t1_q1_negative_instruction,2,"Response present, precision unclear"
architect_meta_llama_3_70b_baseline,instruction_precision,t1_q2_word_limit,2,"Response present, precision unclear"
architect_meta_llama_3_70b_baseline,instruction_precision,t1_q3_structured_format,2,"Response present, precision unclear"
architect_meta_llama_3_70b_baseline,instruction_precision,t1_q4_multiple_constraints,2,"Response present, precision unclear"
architect_meta_llama_3_70b_baseline,thinking,t3_q1_methodological_critique,1,Limited reasoning
architect_meta_llama_3_70b_baseline,thinking,t3_q2_causal_inference,2,Some reasoning present
architect_meta_llama_3_70b_baseline,thinking,t3_q3_reasoning_trap,2,Some reasoning present
architect_meta_llama_3_70b_baseline,thinking,t2_q1_paradox,2,Some reasoning present
architect_meta_llama_3_70b_baseline,thinking,t2_q2_counterfactual,2,Some reasoning present
architect_meta_llama_3_70b_baseline,thinking,t2_q3_formal,2,Some reasoning present
architect_meta_llama_3_70b_baseline,thinking,t2_q4_metacognition,2,Some reasoning present
architect_meta_llama_3_70b_baseline,thinking,t1_q1_multistep,1,Limited reasoning
architect_meta_llama_3_70b_baseline,thinking,t1_q2_hypothesis,1,Limited reasoning
architect_meta_llama_3_70b_baseline,thinking,t1_q3_planning,2,Some reasoning present
architect_qwen2_5_72b_baseline,coder,t3_q1_concurrent_correctness,3,Code solution present
architect_qwen2_5_72b_baseline,coder,t3_q2_distributed_consistency,1,No code in response
architect_qwen2_5_72b_baseline,coder,t3_q3_algorithmic_hardness,1,No code in response
architect_qwen2_5_72b_baseline,coder,t2_q1_design,3,Code solution present
architect_qwen2_5_72b_baseline,coder,t2_q2_debug_complex,3,Code solution present
architect_qwen2_5_72b_baseline,coder,t2_q3_optimize,3,Code solution present
architect_qwen2_5_72b_baseline,coder,t2_q4_system,3,Code solution present
architect_qwen2_5_72b_baseline,coder,t1_q1_algorithm,3,Code solution present
architect_qwen2_5_72b_baseline,coder,t1_q2_refactor,3,Code solution present
architect_qwen2_5_72b_baseline,coder,t1_q3_test,3,Code solution present
architect_qwen2_5_72b_baseline,thinking,t3_q1_methodological_critique,2,Some reasoning present
architect_qwen2_5_72b_baseline,thinking,t3_q2_causal_inference,3,Strong reasoning chain
architect_qwen2_5_72b_baseline,thinking,t3_q3_reasoning_trap,2,Some reasoning present
architect_qwen2_5_72b_baseline,thinking,t2_q1_paradox,3,Strong reasoning chain
architect_qwen2_5_72b_baseline,thinking,t2_q2_counterfactual,1,Limited reasoning
architect_qwen2_5_72b_baseline,thinking,t2_q3_formal,3,Strong reasoning chain
architect_qwen2_5_72b_baseline,thinking,t2_q4_metacognition,2,Some reasoning present
architect_qwen2_5_72b_baseline,thinking,t1_q1_multistep,3,Strong reasoning chain
architect_qwen2_5_72b_baseline,thinking,t1_q2_hypothesis,1,Limited reasoning
architect_qwen2_5_72b_baseline,thinking,t1_q3_planning,3,Strong reasoning chain
architect_qwen2_5_72b_baseline,math,t3_q1_analysis,2,Mathematical reasoning present
architect_qwen2_5_72b_baseline,math,t3_q2_combinatorics,2,Mathematical reasoning present
architect_qwen2_5_72b_baseline,math,t3_q3_probability_theory,2,Mathematical reasoning present
architect_qwen2_5_72b_baseline,math,t2_q1_optimization,2,Mathematical reasoning present
architect_qwen2_5_72b_baseline,math,t2_q2_proof,2,Mathematical reasoning present
architect_qwen2_5_72b_baseline,math,t2_q3_calculus,2,Mathematical reasoning present
architect_qwen2_5_72b_baseline,math,t2_q4_statistics,2,Mathematical reasoning present
architect_qwen2_5_72b_baseline,math,t1_q1_word_problem,3,Contains expected answer '15'
architect_qwen2_5_72b_baseline,math,t1_q2_system_equations,2,Mathematical reasoning present
architect_qwen2_5_72b_baseline,math,t1_q3_probability,2,Mathematical reasoning present
architect_qwen2_5_72b_baseline,instruction_precision,t3_q1_self_referential,2,"Response present, precision unclear"
architect_qwen2_5_72b_baseline,instruction_precision,t3_q2_cascading_constraints,1,Brief response
architect_qwen2_5_72b_baseline,instruction_precision,t3_q3_meta_instruction,1,Brief response
architect_qwen2_5_72b_baseline,instruction_precision,t2_q1_resist_elaboration,2,"Response present, precision unclear"
architect_qwen2_5_72b_baseline,instruction_precision,t2_q2_maintain_format,2,"Response present, precision unclear"
architect_qwen2_5_72b_baseline,instruction_precision,t2_q3_empty_handling,0,Minimal/empty output
architect_qwen2_5_72b_baseline,instruction_precision,t2_q4_conflicting_constraints,2,"Response present, precision unclear"
architect_qwen2_5_72b_baseline,instruction_precision,t1_q1_negative_instruction,2,"Response present, precision unclear"
architect_qwen2_5_72b_baseline,instruction_precision,t1_q2_word_limit,2,"Response present, precision unclear"
architect_qwen2_5_72b_baseline,instruction_precision,t1_q3_structured_format,1,Brief response
architect_qwen2_5_72b_baseline,instruction_precision,t1_q4_multiple_constraints,2,"Response present, precision unclear"
architect_qwen2_5_72b_baseline,general,t3_q1_policy_analysis,3,Substantive response
architect_qwen2_5_72b_baseline,general,t3_q2_system_failure,3,Substantive response
architect_qwen2_5_72b_baseline,general,t3_q3_strategic_communication,3,Substantive response
architect_qwen2_5_72b_baseline,general,t2_q1_synthesis,3,Substantive response
architect_qwen2_5_72b_baseline,general,t2_q2_transform,3,Substantive response
architect_qwen2_5_72b_baseline,general,t2_q3_schedule,3,Substantive response
architect_qwen2_5_72b_baseline,general,t2_q4_inconsistency,3,Substantive response
architect_qwen2_5_72b_baseline,general,t1_q1_json,3,JSON format present
architect_qwen2_5_72b_baseline,general,t1_q2_multistep,3,Substantive response
architect_qwen2_5_72b_baseline,general,t1_q3_compare,3,Substantive response
architect_qwen2_5_72b_baseline,agentic,t3_q1_competing_constraints,3,Tool call structure present
architect_qwen2_5_72b_baseline,agentic,t3_q2_multi_agent_coordination,2,"JSON present, unclear tool structure"
architect_qwen2_5_72b_baseline,agentic,t3_q3_adversarial_robustness,3,Tool call structure present
architect_qwen2_5_72b_baseline,agentic,t2_q1_ambiguous,3,Tool call structure present
architect_qwen2_5_72b_baseline,agentic,t2_q2_error_chain,2,"JSON present, unclear tool structure"
architect_qwen2_5_72b_baseline,agentic,t2_q3_schema_edge,2,"JSON present, unclear tool structure"
architect_qwen2_5_72b_baseline,agentic,t2_q4_orchestration,2,"JSON present, unclear tool structure"
architect_qwen2_5_72b_baseline,agentic,t1_q1_sequential,2,"JSON present, unclear tool structure"
architect_qwen2_5_72b_baseline,agentic,t1_q2_error_handling,2,"JSON present, unclear tool structure"
architect_qwen2_5_72b_baseline,agentic,t1_q3_nested_params,2,"JSON present, unclear tool structure"
architect_qwen2_5_72b_baseline,long_context,t3_q2_contradiction_detection,3,Detailed response
architect_qwen2_5_72b_baseline,long_context,t3_q3_evolving_requirements,2,Response present
architect_qwen2_5_72b_baseline,long_context,t1_q1_needle,3,Detailed response
architect_qwen2_5_72b_baseline,long_context,t1_q2_multi_file,3,Detailed response
architect_qwen2_5_72b_baseline,long_context,t1_q3_extraction,3,Detailed response
architect_qwen2_5_72b_q4_k_m_baseline,agentic,t3_q1_competing_constraints,3,Tool call structure present
architect_qwen2_5_72b_q4_k_m_baseline,agentic,t3_q2_multi_agent_coordination,3,Tool call structure present
architect_qwen2_5_72b_q4_k_m_baseline,agentic,t3_q3_adversarial_robustness,3,Tool call structure present
architect_qwen2_5_72b_q4_k_m_baseline,agentic,t2_q1_ambiguous,3,Tool call structure present
architect_qwen2_5_72b_q4_k_m_baseline,agentic,t2_q2_error_chain,3,Tool call structure present
architect_qwen2_5_72b_q4_k_m_baseline,agentic,t2_q3_schema_edge,3,Tool call structure present
architect_qwen2_5_72b_q4_k_m_baseline,agentic,t2_q4_orchestration,3,Tool call structure present
architect_qwen2_5_72b_q4_k_m_baseline,agentic,t1_q1_sequential,3,Tool call structure present
architect_qwen2_5_72b_q4_k_m_baseline,agentic,t1_q2_error_handling,3,Tool call structure present
architect_qwen2_5_72b_q4_k_m_baseline,agentic,t1_q3_nested_params,3,Tool call structure present
architect_qwen2_5_72b_q4_k_m_baseline,general,t3_q1_policy_analysis,3,Substantive response
architect_qwen2_5_72b_q4_k_m_baseline,general,t3_q2_system_failure,3,Substantive response
architect_qwen2_5_72b_q4_k_m_baseline,general,t3_q3_strategic_communication,3,Substantive response
architect_qwen2_5_72b_q4_k_m_baseline,general,t2_q1_synthesis,3,Substantive response
architect_qwen2_5_72b_q4_k_m_baseline,general,t2_q2_transform,3,Substantive response
architect_qwen2_5_72b_q4_k_m_baseline,general,t2_q3_schedule,3,Substantive response
architect_qwen2_5_72b_q4_k_m_baseline,general,t2_q4_inconsistency,3,Substantive response
architect_qwen2_5_72b_q4_k_m_baseline,general,t1_q1_json,3,JSON format present
architect_qwen2_5_72b_q4_k_m_baseline,general,t1_q2_multistep,3,Substantive response
architect_qwen2_5_72b_q4_k_m_baseline,general,t1_q3_compare,3,Substantive response
architect_qwen2_5_72b_q4_k_m_baseline,coder,t3_q1_concurrent_correctness,3,Code solution present
architect_qwen2_5_72b_q4_k_m_baseline,coder,t3_q2_distributed_consistency,1,No code in response
architect_qwen2_5_72b_q4_k_m_baseline,coder,t3_q3_algorithmic_hardness,1,No code in response
architect_qwen2_5_72b_q4_k_m_baseline,coder,t2_q1_design,3,Code solution present
architect_qwen2_5_72b_q4_k_m_baseline,coder,t2_q2_debug_complex,3,Code solution present
architect_qwen2_5_72b_q4_k_m_baseline,coder,t2_q3_optimize,3,Code solution present
architect_qwen2_5_72b_q4_k_m_baseline,coder,t2_q4_system,3,Code solution present
architect_qwen2_5_72b_q4_k_m_baseline,coder,t1_q1_algorithm,3,Code solution present
architect_qwen2_5_72b_q4_k_m_baseline,coder,t1_q2_refactor,3,Code solution present
architect_qwen2_5_72b_q4_k_m_baseline,coder,t1_q3_test,3,Code solution present
architect_qwen2_5_72b_q4_k_m_baseline,math,t3_q1_analysis,2,Mathematical reasoning present
architect_qwen2_5_72b_q4_k_m_baseline,math,t3_q2_combinatorics,2,Mathematical reasoning present
architect_qwen2_5_72b_q4_k_m_baseline,math,t3_q3_probability_theory,2,Mathematical reasoning present
architect_qwen2_5_72b_q4_k_m_baseline,math,t2_q1_optimization,2,Mathematical reasoning present
architect_qwen2_5_72b_q4_k_m_baseline,math,t2_q2_proof,2,Mathematical reasoning present
architect_qwen2_5_72b_q4_k_m_baseline,math,t2_q3_calculus,2,Mathematical reasoning present
architect_qwen2_5_72b_q4_k_m_baseline,math,t2_q4_statistics,2,Mathematical reasoning present
architect_qwen2_5_72b_q4_k_m_baseline,math,t1_q1_word_problem,3,Contains expected answer '15'
architect_qwen2_5_72b_q4_k_m_baseline,math,t1_q2_system_equations,2,Mathematical reasoning present
architect_qwen2_5_72b_q4_k_m_baseline,math,t1_q3_probability,2,Mathematical reasoning present
architect_qwen2_5_72b_q4_k_m_baseline,instruction_precision,t3_q1_self_referential,2,"Response present, precision unclear"
architect_qwen2_5_72b_q4_k_m_baseline,instruction_precision,t3_q2_cascading_constraints,2,"Response present, precision unclear"
architect_qwen2_5_72b_q4_k_m_baseline,instruction_precision,t3_q3_meta_instruction,2,"Response present, precision unclear"
architect_qwen2_5_72b_q4_k_m_baseline,instruction_precision,t2_q1_resist_elaboration,2,"Response present, precision unclear"
architect_qwen2_5_72b_q4_k_m_baseline,instruction_precision,t2_q2_maintain_format,2,"Response present, precision unclear"
architect_qwen2_5_72b_q4_k_m_baseline,instruction_precision,t2_q3_empty_handling,2,"Response present, precision unclear"
architect_qwen2_5_72b_q4_k_m_baseline,instruction_precision,t2_q4_conflicting_constraints,2,"Response present, precision unclear"
architect_qwen2_5_72b_q4_k_m_baseline,instruction_precision,t1_q1_negative_instruction,2,"Response present, precision unclear"
architect_qwen2_5_72b_q4_k_m_baseline,instruction_precision,t1_q2_word_limit,2,"Response present, precision unclear"
architect_qwen2_5_72b_q4_k_m_baseline,instruction_precision,t1_q3_structured_format,2,"Response present, precision unclear"
architect_qwen2_5_72b_q4_k_m_baseline,instruction_precision,t1_q4_multiple_constraints,2,"Response present, precision unclear"
architect_qwen2_5_72b_q4_k_m_baseline,thinking,t3_q1_methodological_critique,1,Limited reasoning
architect_qwen2_5_72b_q4_k_m_baseline,thinking,t3_q2_causal_inference,3,Strong reasoning chain
architect_qwen2_5_72b_q4_k_m_baseline,thinking,t3_q3_reasoning_trap,3,Strong reasoning chain
architect_qwen2_5_72b_q4_k_m_baseline,thinking,t2_q1_paradox,3,Strong reasoning chain
architect_qwen2_5_72b_q4_k_m_baseline,thinking,t2_q2_counterfactual,2,Some reasoning present
architect_qwen2_5_72b_q4_k_m_baseline,thinking,t2_q3_formal,3,Strong reasoning chain
architect_qwen2_5_72b_q4_k_m_baseline,thinking,t2_q4_metacognition,2,Some reasoning present
architect_qwen2_5_72b_q4_k_m_baseline,thinking,t1_q1_multistep,3,Strong reasoning chain
architect_qwen2_5_72b_q4_k_m_baseline,thinking,t1_q2_hypothesis,1,Limited reasoning
architect_qwen2_5_72b_q4_k_m_baseline,thinking,t1_q3_planning,3,Strong reasoning chain
ingest_hermes_4_70b_baseline,instruction_precision,t2_q2_maintain_format,2,"Response present, precision unclear"
ingest_hermes_4_70b_baseline,instruction_precision,t2_q4_conflicting_constraints,2,"Response present, precision unclear"
ingest_hermes_4_70b_baseline,instruction_precision,t3_q1_self_referential,2,"Response present, precision unclear"
ingest_hermes_4_70b_baseline,instruction_precision,t3_q2_cascading_constraints,2,"Response present, precision unclear"
ingest_hermes_4_70b_baseline,instruction_precision,t3_q3_meta_instruction,2,"Response present, precision unclear"
ingest_hermes_4_70b_baseline,instruction_precision,t2_q1_resist_elaboration,2,"Response present, precision unclear"
ingest_hermes_4_70b_baseline,instruction_precision,t2_q3_empty_handling,2,"Response present, precision unclear"
ingest_hermes_4_70b_baseline,instruction_precision,t1_q1_negative_instruction,2,"Response present, precision unclear"
ingest_hermes_4_70b_baseline,instruction_precision,t1_q2_word_limit,2,"Response present, precision unclear"
ingest_hermes_4_70b_baseline,instruction_precision,t1_q3_structured_format,2,"Response present, precision unclear"
ingest_hermes_4_70b_baseline,instruction_precision,t1_q4_multiple_constraints,2,"Response present, precision unclear"
ingest_hermes_4_70b_baseline,agentic,t2_q1_ambiguous,3,Tool call structure present
ingest_hermes_4_70b_baseline,agentic,t2_q2_error_chain,3,Tool call structure present
ingest_hermes_4_70b_baseline,agentic,t1_q2_error_handling,3,Tool call structure present
ingest_hermes_4_70b_baseline,agentic,t3_q1_competing_constraints,3,Tool call structure present
ingest_hermes_4_70b_baseline,agentic,t3_q2_multi_agent_coordination,3,Tool call structure present
ingest_hermes_4_70b_baseline,agentic,t3_q3_adversarial_robustness,3,Tool call structure present
ingest_hermes_4_70b_baseline,agentic,t2_q3_schema_edge,3,Tool call structure present
ingest_hermes_4_70b_baseline,agentic,t2_q4_orchestration,3,Tool call structure present
ingest_hermes_4_70b_baseline,agentic,t1_q1_sequential,3,Tool call structure present
ingest_hermes_4_70b_baseline,agentic,t1_q3_nested_params,3,Tool call structure present
ingest_hermes_4_70b_baseline,general,t1_q1_json,3,JSON format present
ingest_hermes_4_70b_baseline,general,t1_q3_compare,3,Substantive response
ingest_hermes_4_70b_baseline,general,t3_q1_policy_analysis,3,Substantive response
ingest_hermes_4_70b_baseline,general,t3_q2_system_failure,3,Substantive response
ingest_hermes_4_70b_baseline,general,t3_q3_strategic_communication,3,Substantive response
ingest_hermes_4_70b_baseline,general,t2_q1_synthesis,3,Substantive response
ingest_hermes_4_70b_baseline,general,t2_q2_transform,3,Substantive response
ingest_hermes_4_70b_baseline,general,t2_q3_schedule,3,Substantive response
ingest_hermes_4_70b_baseline,general,t2_q4_inconsistency,3,Substantive response
ingest_hermes_4_70b_baseline,general,t1_q2_multistep,3,Substantive response
ingest_hermes_4_70b_baseline,math,t2_q3_calculus,2,Mathematical reasoning present
ingest_hermes_4_70b_baseline,math,t1_q1_word_problem,3,Contains expected answer '15'
ingest_hermes_4_70b_baseline,math,t3_q1_analysis,2,Mathematical reasoning present
ingest_hermes_4_70b_baseline,math,t3_q2_combinatorics,2,Mathematical reasoning present
ingest_hermes_4_70b_baseline,math,t3_q3_probability_theory,2,Mathematical reasoning present
ingest_hermes_4_70b_baseline,math,t2_q1_optimization,2,Mathematical reasoning present
ingest_hermes_4_70b_baseline,math,t2_q2_proof,2,Mathematical reasoning present
ingest_hermes_4_70b_baseline,math,t2_q4_statistics,2,Mathematical reasoning present
ingest_hermes_4_70b_baseline,math,t1_q2_system_equations,2,Mathematical reasoning present
ingest_hermes_4_70b_baseline,math,t1_q3_probability,2,Mathematical reasoning present
ingest_hermes_4_70b_baseline,thinking,t3_q1_methodological_critique,2,Some reasoning present
ingest_hermes_4_70b_baseline,thinking,t3_q2_causal_inference,3,Strong reasoning chain
ingest_hermes_4_70b_baseline,thinking,t3_q3_reasoning_trap,3,Strong reasoning chain
ingest_hermes_4_70b_baseline,thinking,t2_q1_paradox,2,Some reasoning present
ingest_hermes_4_70b_baseline,thinking,t2_q2_counterfactual,2,Some reasoning present
ingest_hermes_4_70b_baseline,thinking,t2_q3_formal,2,Some reasoning present
ingest_hermes_4_70b_baseline,thinking,t2_q4_metacognition,2,Some reasoning present
ingest_hermes_4_70b_baseline,thinking,t1_q1_multistep,3,Strong reasoning chain
ingest_hermes_4_70b_baseline,thinking,t1_q2_hypothesis,1,Limited reasoning
ingest_hermes_4_70b_baseline,thinking,t1_q3_planning,3,Strong reasoning chain
ingest_hermes_4_70b_baseline,coder,t3_q1_concurrent_correctness,3,Code solution present
ingest_hermes_4_70b_baseline,coder,t3_q2_distributed_consistency,1,No code in response
ingest_hermes_4_70b_baseline,coder,t3_q3_algorithmic_hardness,1,No code in response
ingest_hermes_4_70b_baseline,coder,t2_q1_design,3,Code solution present
ingest_hermes_4_70b_baseline,coder,t2_q2_debug_complex,3,Code solution present
ingest_hermes_4_70b_baseline,coder,t2_q3_optimize,3,Code solution present
ingest_hermes_4_70b_baseline,coder,t2_q4_system,3,Code solution present
ingest_hermes_4_70b_baseline,coder,t1_q1_algorithm,3,Code solution present
ingest_hermes_4_70b_baseline,coder,t1_q2_refactor,3,Code solution present
ingest_hermes_4_70b_baseline,coder,t1_q3_test,3,Code solution present
ingest_llama_3_1_70b_baseline,thinking,t3_q1_methodological_critique,2,Some reasoning present
ingest_llama_3_1_70b_baseline,thinking,t3_q2_causal_inference,3,Strong reasoning chain
ingest_llama_3_1_70b_baseline,thinking,t3_q3_reasoning_trap,3,Strong reasoning chain
ingest_llama_3_1_70b_baseline,thinking,t2_q1_paradox,3,Strong reasoning chain
ingest_llama_3_1_70b_baseline,thinking,t2_q2_counterfactual,2,Some reasoning present
ingest_llama_3_1_70b_baseline,thinking,t2_q3_formal,3,Strong reasoning chain
ingest_llama_3_1_70b_baseline,thinking,t2_q4_metacognition,3,Strong reasoning chain
ingest_llama_3_1_70b_baseline,thinking,t1_q1_multistep,2,Some reasoning present
ingest_llama_3_1_70b_baseline,thinking,t1_q2_hypothesis,2,Some reasoning present
ingest_llama_3_1_70b_baseline,thinking,t1_q3_planning,3,Strong reasoning chain
ingest_llama_3_1_70b_baseline,coder,t3_q1_concurrent_correctness,3,Code solution present
ingest_llama_3_1_70b_baseline,coder,t3_q2_distributed_consistency,1,No code in response
ingest_llama_3_1_70b_baseline,coder,t3_q3_algorithmic_hardness,1,No code in response
ingest_llama_3_1_70b_baseline,coder,t2_q1_design,3,Code solution present
ingest_llama_3_1_70b_baseline,coder,t2_q2_debug_complex,3,Code solution present
ingest_llama_3_1_70b_baseline,coder,t2_q3_optimize,3,Code solution present
ingest_llama_3_1_70b_baseline,coder,t2_q4_system,3,Code solution present
ingest_llama_3_1_70b_baseline,coder,t1_q1_algorithm,3,Code solution present
ingest_llama_3_1_70b_baseline,coder,t1_q2_refactor,3,Code solution present
ingest_llama_3_1_70b_baseline,coder,t1_q3_test,3,Code solution present
ingest_llama_3_1_70b_baseline,agentic,t3_q1_competing_constraints,3,Tool call structure present
ingest_llama_3_1_70b_baseline,agentic,t3_q2_multi_agent_coordination,3,Tool call structure present
ingest_llama_3_1_70b_baseline,agentic,t3_q3_adversarial_robustness,3,Tool call structure present
ingest_llama_3_1_70b_baseline,agentic,t2_q1_ambiguous,3,Tool call structure present
ingest_llama_3_1_70b_baseline,agentic,t2_q2_error_chain,3,Tool call structure present
ingest_llama_3_1_70b_baseline,agentic,t2_q3_schema_edge,3,Tool call structure present
ingest_llama_3_1_70b_baseline,agentic,t2_q4_orchestration,3,Tool call structure present
ingest_llama_3_1_70b_baseline,agentic,t1_q1_sequential,3,Tool call structure present
ingest_llama_3_1_70b_baseline,agentic,t1_q2_error_handling,3,Tool call structure present
ingest_llama_3_1_70b_baseline,agentic,t1_q3_nested_params,3,Tool call structure present
ingest_llama_3_1_70b_baseline,general,t3_q1_policy_analysis,3,Substantive response
ingest_llama_3_1_70b_baseline,general,t3_q2_system_failure,3,Substantive response
ingest_llama_3_1_70b_baseline,general,t3_q3_strategic_communication,3,Substantive response
ingest_llama_3_1_70b_baseline,general,t2_q1_synthesis,3,Substantive response
ingest_llama_3_1_70b_baseline,general,t2_q2_transform,3,Substantive response
ingest_llama_3_1_70b_baseline,general,t2_q3_schedule,3,Substantive response
ingest_llama_3_1_70b_baseline,general,t2_q4_inconsistency,3,Substantive response
ingest_llama_3_1_70b_baseline,general,t1_q1_json,3,JSON format present
ingest_llama_3_1_70b_baseline,general,t1_q2_multistep,3,Substantive response
ingest_llama_3_1_70b_baseline,general,t1_q3_compare,3,Substantive response
ingest_llama_3_1_70b_baseline,math,t3_q1_analysis,2,Mathematical reasoning present
ingest_llama_3_1_70b_baseline,math,t3_q2_combinatorics,2,Mathematical reasoning present
ingest_llama_3_1_70b_baseline,math,t3_q3_probability_theory,2,Mathematical reasoning present
ingest_llama_3_1_70b_baseline,math,t2_q1_optimization,2,Mathematical reasoning present
ingest_llama_3_1_70b_baseline,math,t2_q2_proof,2,Mathematical reasoning present
ingest_llama_3_1_70b_baseline,math,t2_q3_calculus,2,Mathematical reasoning present
ingest_llama_3_1_70b_baseline,math,t2_q4_statistics,2,Mathematical reasoning present
ingest_llama_3_1_70b_baseline,math,t1_q1_word_problem,3,Contains expected answer '15'
ingest_llama_3_1_70b_baseline,math,t1_q2_system_equations,2,Mathematical reasoning present
ingest_llama_3_1_70b_baseline,math,t1_q3_probability,2,Mathematical reasoning present
ingest_llama_3_1_70b_baseline,instruction_precision,t3_q1_self_referential,2,"Response present, precision unclear"
ingest_llama_3_1_70b_baseline,instruction_precision,t3_q2_cascading_constraints,2,"Response present, precision unclear"
ingest_llama_3_1_70b_baseline,instruction_precision,t3_q3_meta_instruction,2,"Response present, precision unclear"
ingest_llama_3_1_70b_baseline,instruction_precision,t2_q1_resist_elaboration,2,"Response present, precision unclear"
ingest_llama_3_1_70b_baseline,instruction_precision,t2_q2_maintain_format,2,"Response present, precision unclear"
ingest_llama_3_1_70b_baseline,instruction_precision,t2_q3_empty_handling,2,"Response present, precision unclear"
ingest_llama_3_1_70b_baseline,instruction_precision,t2_q4_conflicting_constraints,2,"Response present, precision unclear"
ingest_llama_3_1_70b_baseline,instruction_precision,t1_q1_negative_instruction,2,"Response present, precision unclear"
ingest_llama_3_1_70b_baseline,instruction_precision,t1_q2_word_limit,2,"Response present, precision unclear"
ingest_llama_3_1_70b_baseline,instruction_precision,t1_q3_structured_format,2,"Response present, precision unclear"
ingest_llama_3_1_70b_baseline,instruction_precision,t1_q4_multiple_constraints,2,"Response present, precision unclear"
ingest_long_context_baseline,math,t3_q1_analysis,2,Mathematical reasoning present
ingest_long_context_baseline,math,t3_q2_combinatorics,2,Mathematical reasoning present
ingest_long_context_baseline,math,t3_q3_probability_theory,2,Mathematical reasoning present
ingest_long_context_baseline,math,t2_q1_optimization,2,Mathematical reasoning present
ingest_long_context_baseline,math,t2_q2_proof,2,Mathematical reasoning present
ingest_long_context_baseline,math,t2_q3_calculus,2,Mathematical reasoning present
ingest_long_context_baseline,math,t2_q4_statistics,2,Mathematical reasoning present
ingest_long_context_baseline,math,t1_q1_word_problem,3,Contains expected answer '15'
ingest_long_context_baseline,math,t1_q2_system_equations,2,Mathematical reasoning present
ingest_long_context_baseline,math,t1_q3_probability,2,Mathematical reasoning present
ingest_long_context_baseline,coder,t3_q1_concurrent_correctness,3,Code solution present
ingest_long_context_baseline,coder,t3_q2_distributed_consistency,3,Code solution present
ingest_long_context_baseline,coder,t3_q3_algorithmic_hardness,1,No code in response
ingest_long_context_baseline,coder,t2_q1_design,3,Code solution present
ingest_long_context_baseline,coder,t2_q2_debug_complex,3,Code solution present
ingest_long_context_baseline,coder,t2_q3_optimize,3,Code solution present
ingest_long_context_baseline,coder,t2_q4_system,3,Code solution present
ingest_long_context_baseline,coder,t1_q1_algorithm,3,Code solution present
ingest_long_context_baseline,coder,t1_q2_refactor,3,Code solution present
ingest_long_context_baseline,coder,t1_q3_test,3,Code solution present
ingest_long_context_baseline,instruction_precision,t3_q1_self_referential,2,"Response present, precision unclear"
ingest_long_context_baseline,instruction_precision,t3_q2_cascading_constraints,2,"Response present, precision unclear"
ingest_long_context_baseline,instruction_precision,t3_q3_meta_instruction,2,"Response present, precision unclear"
ingest_long_context_baseline,instruction_precision,t2_q1_resist_elaboration,2,"Response present, precision unclear"
ingest_long_context_baseline,instruction_precision,t2_q2_maintain_format,2,"Response present, precision unclear"
ingest_long_context_baseline,instruction_precision,t2_q3_empty_handling,2,"Response present, precision unclear"
ingest_long_context_baseline,instruction_precision,t2_q4_conflicting_constraints,2,"Response present, precision unclear"
ingest_long_context_baseline,instruction_precision,t1_q1_negative_instruction,2,"Response present, precision unclear"
ingest_long_context_baseline,instruction_precision,t1_q2_word_limit,2,"Response present, precision unclear"
ingest_long_context_baseline,instruction_precision,t1_q3_structured_format,2,"Response present, precision unclear"
ingest_long_context_baseline,instruction_precision,t1_q4_multiple_constraints,2,"Response present, precision unclear"
ingest_long_context_baseline,thinking,t3_q1_methodological_critique,3,Strong reasoning chain
ingest_long_context_baseline,thinking,t3_q2_causal_inference,2,Some reasoning present
ingest_long_context_baseline,thinking,t3_q3_reasoning_trap,3,Strong reasoning chain
ingest_long_context_baseline,thinking,t2_q1_paradox,3,Strong reasoning chain
ingest_long_context_baseline,thinking,t2_q2_counterfactual,3,Strong reasoning chain
ingest_long_context_baseline,thinking,t2_q3_formal,3,Strong reasoning chain
ingest_long_context_baseline,thinking,t2_q4_metacognition,3,Strong reasoning chain
ingest_long_context_baseline,thinking,t1_q1_multistep,2,Some reasoning present
ingest_long_context_baseline,thinking,t1_q2_hypothesis,1,Limited reasoning
ingest_long_context_baseline,thinking,t1_q3_planning,3,Strong reasoning chain
ingest_long_context_baseline,agentic,t3_q1_competing_constraints,3,Tool call structure present
ingest_long_context_baseline,agentic,t3_q2_multi_agent_coordination,3,Tool call structure present
ingest_long_context_baseline,agentic,t3_q3_adversarial_robustness,3,Tool call structure present
ingest_long_context_baseline,agentic,t2_q1_ambiguous,3,Tool call structure present
ingest_long_context_baseline,agentic,t2_q2_error_chain,3,Tool call structure present
ingest_long_context_baseline,agentic,t2_q3_schema_edge,3,Tool call structure present
ingest_long_context_baseline,agentic,t2_q4_orchestration,3,Tool call structure present
ingest_long_context_baseline,agentic,t1_q1_sequential,3,Tool call structure present
ingest_long_context_baseline,agentic,t1_q2_error_handling,3,Tool call structure present
ingest_long_context_baseline,agentic,t1_q3_nested_params,3,Tool call structure present
ingest_long_context_baseline,general,t3_q1_policy_analysis,3,Substantive response
ingest_long_context_baseline,general,t3_q2_system_failure,3,Substantive response
ingest_long_context_baseline,general,t3_q3_strategic_communication,3,Substantive response
ingest_long_context_baseline,general,t2_q1_synthesis,3,Substantive response
ingest_long_context_baseline,general,t2_q2_transform,3,Substantive response
ingest_long_context_baseline,general,t2_q3_schedule,3,Substantive response
ingest_long_context_baseline,general,t2_q4_inconsistency,3,Substantive response
ingest_long_context_baseline,general,t1_q1_json,3,JSON format present
ingest_long_context_baseline,general,t1_q2_multistep,3,Substantive response
ingest_long_context_baseline,general,t1_q3_compare,3,Substantive response
ingest_qwen2_5_72b_baseline,instruction_precision,t3_q1_self_referential,2,"Response present, precision unclear"
ingest_qwen2_5_72b_baseline,instruction_precision,t3_q2_cascading_constraints,2,"Response present, precision unclear"
ingest_qwen2_5_72b_baseline,instruction_precision,t3_q3_meta_instruction,2,"Response present, precision unclear"
ingest_qwen2_5_72b_baseline,instruction_precision,t2_q1_resist_elaboration,2,"Response present, precision unclear"
ingest_qwen2_5_72b_baseline,instruction_precision,t2_q2_maintain_format,2,"Response present, precision unclear"
ingest_qwen2_5_72b_baseline,instruction_precision,t2_q3_empty_handling,2,"Response present, precision unclear"
ingest_qwen2_5_72b_baseline,instruction_precision,t2_q4_conflicting_constraints,2,"Response present, precision unclear"
ingest_qwen2_5_72b_baseline,instruction_precision,t1_q1_negative_instruction,2,"Response present, precision unclear"
ingest_qwen2_5_72b_baseline,instruction_precision,t1_q2_word_limit,2,"Response present, precision unclear"
ingest_qwen2_5_72b_baseline,instruction_precision,t1_q3_structured_format,2,"Response present, precision unclear"
ingest_qwen2_5_72b_baseline,instruction_precision,t1_q4_multiple_constraints,2,"Response present, precision unclear"
ingest_qwen2_5_72b_baseline,agentic,t3_q1_competing_constraints,3,Tool call structure present
ingest_qwen2_5_72b_baseline,agentic,t3_q2_multi_agent_coordination,3,Tool call structure present
ingest_qwen2_5_72b_baseline,agentic,t3_q3_adversarial_robustness,3,Tool call structure present
ingest_qwen2_5_72b_baseline,agentic,t2_q1_ambiguous,3,Tool call structure present
ingest_qwen2_5_72b_baseline,agentic,t2_q2_error_chain,3,Tool call structure present
ingest_qwen2_5_72b_baseline,agentic,t2_q3_schema_edge,3,Tool call structure present
ingest_qwen2_5_72b_baseline,agentic,t2_q4_orchestration,3,Tool call structure present
ingest_qwen2_5_72b_baseline,agentic,t1_q1_sequential,3,Tool call structure present
ingest_qwen2_5_72b_baseline,agentic,t1_q2_error_handling,3,Tool call structure present
ingest_qwen2_5_72b_baseline,agentic,t1_q3_nested_params,3,Tool call structure present
ingest_qwen2_5_72b_baseline,general,t3_q1_policy_analysis,3,Substantive response
ingest_qwen2_5_72b_baseline,general,t3_q2_system_failure,3,Substantive response
ingest_qwen2_5_72b_baseline,general,t3_q3_strategic_communication,3,Substantive response
ingest_qwen2_5_72b_baseline,general,t2_q1_synthesis,3,Substantive response
ingest_qwen2_5_72b_baseline,general,t2_q3_schedule,3,Substantive response
ingest_qwen2_5_72b_baseline,general,t2_q4_inconsistency,3,Substantive response
ingest_qwen2_5_72b_baseline,general,t1_q1_json,3,JSON format present
ingest_qwen2_5_72b_baseline,general,t1_q2_multistep,3,Substantive response
ingest_qwen2_5_72b_baseline,general,t1_q3_compare,3,Substantive response
ingest_qwen2_5_72b_baseline,general,t2_q2_transform,3,Substantive response
ingest_qwen2_5_72b_baseline,coder,t3_q1_concurrent_correctness,3,Code solution present
ingest_qwen2_5_72b_baseline,coder,t3_q2_distributed_consistency,1,No code in response
ingest_qwen2_5_72b_baseline,coder,t3_q3_algorithmic_hardness,1,No code in response
ingest_qwen2_5_72b_baseline,coder,t2_q1_design,3,Code solution present
ingest_qwen2_5_72b_baseline,coder,t2_q2_debug_complex,3,Code solution present
ingest_qwen2_5_72b_baseline,coder,t2_q3_optimize,3,Code solution present
ingest_qwen2_5_72b_baseline,coder,t2_q4_system,3,Code solution present
ingest_qwen2_5_72b_baseline,coder,t1_q1_algorithm,3,Code solution present
ingest_qwen2_5_72b_baseline,coder,t1_q2_refactor,3,Code solution present
ingest_qwen2_5_72b_baseline,coder,t1_q3_test,3,Code solution present
ingest_qwen2_5_72b_baseline,math,t3_q1_analysis,2,Mathematical reasoning present
ingest_qwen2_5_72b_baseline,math,t3_q2_combinatorics,2,Mathematical reasoning present
ingest_qwen2_5_72b_baseline,math,t3_q3_probability_theory,2,Mathematical reasoning present
ingest_qwen2_5_72b_baseline,math,t2_q1_optimization,2,Mathematical reasoning present
ingest_qwen2_5_72b_baseline,math,t2_q2_proof,2,Mathematical reasoning present
ingest_qwen2_5_72b_baseline,math,t2_q3_calculus,2,Mathematical reasoning present
ingest_qwen2_5_72b_baseline,math,t2_q4_statistics,2,Mathematical reasoning present
ingest_qwen2_5_72b_baseline,math,t1_q1_word_problem,3,Contains expected answer '15'
ingest_qwen2_5_72b_baseline,math,t1_q2_system_equations,2,Mathematical reasoning present
ingest_qwen2_5_72b_baseline,math,t1_q3_probability,2,Mathematical reasoning present
ingest_qwen2_5_72b_baseline,thinking,t3_q1_methodological_critique,1,Limited reasoning
ingest_qwen2_5_72b_baseline,thinking,t3_q2_causal_inference,3,Strong reasoning chain
ingest_qwen2_5_72b_baseline,thinking,t3_q3_reasoning_trap,3,Strong reasoning chain
ingest_qwen2_5_72b_baseline,thinking,t2_q1_paradox,3,Strong reasoning chain
ingest_qwen2_5_72b_baseline,thinking,t2_q2_counterfactual,2,Some reasoning present
ingest_qwen2_5_72b_baseline,thinking,t2_q3_formal,3,Strong reasoning chain
ingest_qwen2_5_72b_baseline,thinking,t2_q4_metacognition,2,Some reasoning present
ingest_qwen2_5_72b_baseline,thinking,t1_q1_multistep,3,Strong reasoning chain
ingest_qwen2_5_72b_baseline,thinking,t1_q2_hypothesis,1,Limited reasoning
ingest_qwen2_5_72b_baseline,thinking,t1_q3_planning,3,Strong reasoning chain
ingest_qwen2_5_coder_32b_baseline,thinking,t3_q1_methodological_critique,1,Limited reasoning
ingest_qwen2_5_coder_32b_baseline,thinking,t3_q2_causal_inference,3,Strong reasoning chain
ingest_qwen2_5_coder_32b_baseline,thinking,t3_q3_reasoning_trap,3,Strong reasoning chain
ingest_qwen2_5_coder_32b_baseline,thinking,t2_q1_paradox,3,Strong reasoning chain
ingest_qwen2_5_coder_32b_baseline,thinking,t2_q2_counterfactual,2,Some reasoning present
ingest_qwen2_5_coder_32b_baseline,thinking,t2_q3_formal,3,Strong reasoning chain
ingest_qwen2_5_coder_32b_baseline,thinking,t2_q4_metacognition,2,Some reasoning present
ingest_qwen2_5_coder_32b_baseline,thinking,t1_q1_multistep,3,Strong reasoning chain
ingest_qwen2_5_coder_32b_baseline,thinking,t1_q2_hypothesis,2,Some reasoning present
ingest_qwen2_5_coder_32b_baseline,thinking,t1_q3_planning,3,Strong reasoning chain
ingest_qwen2_5_coder_32b_baseline,coder,t3_q1_concurrent_correctness,3,Code solution present
ingest_qwen2_5_coder_32b_baseline,coder,t3_q2_distributed_consistency,3,Code solution present
ingest_qwen2_5_coder_32b_baseline,coder,t3_q3_algorithmic_hardness,1,No code in response
ingest_qwen2_5_coder_32b_baseline,coder,t2_q1_design,3,Code solution present
ingest_qwen2_5_coder_32b_baseline,coder,t2_q2_debug_complex,3,Code solution present
ingest_qwen2_5_coder_32b_baseline,coder,t2_q3_optimize,3,Code solution present
ingest_qwen2_5_coder_32b_baseline,coder,t2_q4_system,3,Code solution present
ingest_qwen2_5_coder_32b_baseline,coder,t1_q1_algorithm,3,Code solution present
ingest_qwen2_5_coder_32b_baseline,coder,t1_q2_refactor,3,Code solution present
ingest_qwen2_5_coder_32b_baseline,coder,t1_q3_test,3,Code solution present
ingest_qwen2_5_coder_32b_baseline,agentic,t3_q1_competing_constraints,3,Tool call structure present
ingest_qwen2_5_coder_32b_baseline,agentic,t3_q2_multi_agent_coordination,3,Tool call structure present
ingest_qwen2_5_coder_32b_baseline,agentic,t3_q3_adversarial_robustness,3,Tool call structure present
ingest_qwen2_5_coder_32b_baseline,agentic,t2_q1_ambiguous,3,Tool call structure present
ingest_qwen2_5_coder_32b_baseline,agentic,t2_q2_error_chain,3,Tool call structure present
ingest_qwen2_5_coder_32b_baseline,agentic,t2_q3_schema_edge,3,Tool call structure present
ingest_qwen2_5_coder_32b_baseline,agentic,t2_q4_orchestration,3,Tool call structure present
ingest_qwen2_5_coder_32b_baseline,agentic,t1_q1_sequential,3,Tool call structure present
ingest_qwen2_5_coder_32b_baseline,agentic,t1_q2_error_handling,3,Tool call structure present
ingest_qwen2_5_coder_32b_baseline,agentic,t1_q3_nested_params,3,Tool call structure present
ingest_qwen2_5_coder_32b_baseline,general,t3_q1_policy_analysis,3,Substantive response
ingest_qwen2_5_coder_32b_baseline,general,t3_q2_system_failure,3,Substantive response
ingest_qwen2_5_coder_32b_baseline,general,t3_q3_strategic_communication,3,Substantive response
ingest_qwen2_5_coder_32b_baseline,general,t2_q1_synthesis,3,Substantive response
ingest_qwen2_5_coder_32b_baseline,general,t2_q2_transform,3,Substantive response
ingest_qwen2_5_coder_32b_baseline,general,t2_q3_schedule,3,Substantive response
ingest_qwen2_5_coder_32b_baseline,general,t2_q4_inconsistency,3,Substantive response
ingest_qwen2_5_coder_32b_baseline,general,t1_q1_json,3,JSON format present
ingest_qwen2_5_coder_32b_baseline,general,t1_q2_multistep,3,Substantive response
ingest_qwen2_5_coder_32b_baseline,general,t1_q3_compare,3,Substantive response
ingest_qwen2_5_coder_32b_baseline,math,t3_q1_analysis,2,Mathematical reasoning present
ingest_qwen2_5_coder_32b_baseline,math,t3_q2_combinatorics,2,Mathematical reasoning present
ingest_qwen2_5_coder_32b_baseline,math,t3_q3_probability_theory,2,Mathematical reasoning present
ingest_qwen2_5_coder_32b_baseline,math,t2_q1_optimization,2,Mathematical reasoning present
ingest_qwen2_5_coder_32b_baseline,math,t2_q2_proof,2,Mathematical reasoning present
ingest_qwen2_5_coder_32b_baseline,math,t2_q3_calculus,2,Mathematical reasoning present
ingest_qwen2_5_coder_32b_baseline,math,t2_q4_statistics,2,Mathematical reasoning present
ingest_qwen2_5_coder_32b_baseline,math,t1_q1_word_problem,3,Contains expected answer '15'
ingest_qwen2_5_coder_32b_baseline,math,t1_q2_system_equations,2,Mathematical reasoning present
ingest_qwen2_5_coder_32b_baseline,math,t1_q3_probability,2,Mathematical reasoning present
ingest_qwen2_5_coder_32b_baseline,instruction_precision,t3_q1_self_referential,2,"Response present, precision unclear"
ingest_qwen2_5_coder_32b_baseline,instruction_precision,t3_q2_cascading_constraints,2,"Response present, precision unclear"
ingest_qwen2_5_coder_32b_baseline,instruction_precision,t3_q3_meta_instruction,2,"Response present, precision unclear"
ingest_qwen2_5_coder_32b_baseline,instruction_precision,t2_q1_resist_elaboration,2,"Response present, precision unclear"
ingest_qwen2_5_coder_32b_baseline,instruction_precision,t2_q2_maintain_format,2,"Response present, precision unclear"
ingest_qwen2_5_coder_32b_baseline,instruction_precision,t2_q3_empty_handling,2,"Response present, precision unclear"
ingest_qwen2_5_coder_32b_baseline,instruction_precision,t2_q4_conflicting_constraints,2,"Response present, precision unclear"
ingest_qwen2_5_coder_32b_baseline,instruction_precision,t1_q1_negative_instruction,2,"Response present, precision unclear"
ingest_qwen2_5_coder_32b_baseline,instruction_precision,t1_q2_word_limit,2,"Response present, precision unclear"
ingest_qwen2_5_coder_32b_baseline,instruction_precision,t1_q3_structured_format,2,"Response present, precision unclear"
ingest_qwen2_5_coder_32b_baseline,instruction_precision,t1_q4_multiple_constraints,2,"Response present, precision unclear"
ingest_qwen3_30b_thinking_baseline,thinking,t3_q1_methodological_critique,3,Strong reasoning chain
ingest_qwen3_30b_thinking_baseline,thinking,t3_q2_causal_inference,3,Strong reasoning chain
ingest_qwen3_30b_thinking_baseline,thinking,t3_q3_reasoning_trap,3,Strong reasoning chain
ingest_qwen3_30b_thinking_baseline,thinking,t2_q1_paradox,3,Strong reasoning chain
ingest_qwen3_30b_thinking_baseline,thinking,t2_q2_counterfactual,3,Strong reasoning chain
ingest_qwen3_30b_thinking_baseline,thinking,t2_q3_formal,3,Strong reasoning chain
ingest_qwen3_30b_thinking_baseline,thinking,t2_q4_metacognition,3,Strong reasoning chain
ingest_qwen3_30b_thinking_baseline,thinking,t1_q1_multistep,3,Strong reasoning chain
ingest_qwen3_30b_thinking_baseline,thinking,t1_q2_hypothesis,3,Strong reasoning chain
ingest_qwen3_30b_thinking_baseline,thinking,t1_q3_planning,3,Strong reasoning chain
ingest_qwen3_30b_thinking_baseline,coder,t3_q1_concurrent_correctness,3,Code solution present
ingest_qwen3_30b_thinking_baseline,coder,t3_q2_distributed_consistency,3,Code solution present
ingest_qwen3_30b_thinking_baseline,coder,t3_q3_algorithmic_hardness,1,No code in response
ingest_qwen3_30b_thinking_baseline,coder,t2_q1_design,3,Code solution present
ingest_qwen3_30b_thinking_baseline,coder,t2_q2_debug_complex,3,Code solution present
ingest_qwen3_30b_thinking_baseline,coder,t2_q3_optimize,3,Code solution present
ingest_qwen3_30b_thinking_baseline,coder,t2_q4_system,3,Code solution present
ingest_qwen3_30b_thinking_baseline,coder,t1_q1_algorithm,3,Code solution present
ingest_qwen3_30b_thinking_baseline,coder,t1_q2_refactor,3,Code solution present
ingest_qwen3_30b_thinking_baseline,coder,t1_q3_test,3,Code solution present
ingest_qwen3_30b_thinking_baseline,agentic,t3_q1_competing_constraints,3,Tool call structure present
ingest_qwen3_30b_thinking_baseline,agentic,t3_q2_multi_agent_coordination,3,Tool call structure present
ingest_qwen3_30b_thinking_baseline,agentic,t3_q3_adversarial_robustness,3,Tool call structure present
ingest_qwen3_30b_thinking_baseline,agentic,t2_q1_ambiguous,3,Tool call structure present
ingest_qwen3_30b_thinking_baseline,agentic,t2_q2_error_chain,3,Tool call structure present
ingest_qwen3_30b_thinking_baseline,agentic,t2_q3_schema_edge,3,Tool call structure present
ingest_qwen3_30b_thinking_baseline,agentic,t2_q4_orchestration,3,Tool call structure present
ingest_qwen3_30b_thinking_baseline,agentic,t1_q1_sequential,3,Tool call structure present
ingest_qwen3_30b_thinking_baseline,agentic,t1_q2_error_handling,3,Tool call structure present
ingest_qwen3_30b_thinking_baseline,agentic,t1_q3_nested_params,3,Tool call structure present
ingest_qwen3_30b_thinking_baseline,general,t3_q1_policy_analysis,3,Substantive response
ingest_qwen3_30b_thinking_baseline,general,t3_q2_system_failure,3,Substantive response
ingest_qwen3_30b_thinking_baseline,general,t3_q3_strategic_communication,3,Substantive response
ingest_qwen3_30b_thinking_baseline,general,t2_q1_synthesis,3,Substantive response
ingest_qwen3_30b_thinking_baseline,general,t2_q2_transform,3,Substantive response
ingest_qwen3_30b_thinking_baseline,general,t2_q3_schedule,3,Substantive response
ingest_qwen3_30b_thinking_baseline,general,t2_q4_inconsistency,3,Substantive response
ingest_qwen3_30b_thinking_baseline,general,t1_q1_json,3,JSON format present
ingest_qwen3_30b_thinking_baseline,general,t1_q2_multistep,3,Substantive response
ingest_qwen3_30b_thinking_baseline,general,t1_q3_compare,3,Substantive response
ingest_qwen3_30b_thinking_baseline,math,t3_q1_analysis,2,Mathematical reasoning present
ingest_qwen3_30b_thinking_baseline,math,t3_q2_combinatorics,2,Mathematical reasoning present
ingest_qwen3_30b_thinking_baseline,math,t3_q3_probability_theory,2,Mathematical reasoning present
ingest_qwen3_30b_thinking_baseline,math,t2_q1_optimization,2,Mathematical reasoning present
ingest_qwen3_30b_thinking_baseline,math,t2_q2_proof,2,Mathematical reasoning present
ingest_qwen3_30b_thinking_baseline,math,t2_q3_calculus,2,Mathematical reasoning present
ingest_qwen3_30b_thinking_baseline,math,t2_q4_statistics,2,Mathematical reasoning present
ingest_qwen3_30b_thinking_baseline,math,t1_q1_word_problem,3,Contains expected answer '15'
ingest_qwen3_30b_thinking_baseline,math,t1_q2_system_equations,2,Mathematical reasoning present
ingest_qwen3_30b_thinking_baseline,math,t1_q3_probability,2,Mathematical reasoning present
ingest_qwen3_30b_thinking_baseline,instruction_precision,t3_q1_self_referential,2,"Response present, precision unclear"
ingest_qwen3_30b_thinking_baseline,instruction_precision,t3_q2_cascading_constraints,2,"Response present, precision unclear"
ingest_qwen3_30b_thinking_baseline,instruction_precision,t3_q3_meta_instruction,2,"Response present, precision unclear"
ingest_qwen3_30b_thinking_baseline,instruction_precision,t2_q1_resist_elaboration,2,"Response present, precision unclear"
ingest_qwen3_30b_thinking_baseline,instruction_precision,t2_q2_maintain_format,2,"Response present, precision unclear"
ingest_qwen3_30b_thinking_baseline,instruction_precision,t2_q3_empty_handling,2,"Response present, precision unclear"
ingest_qwen3_30b_thinking_baseline,instruction_precision,t2_q4_conflicting_constraints,2,"Response present, precision unclear"
ingest_qwen3_30b_thinking_baseline,instruction_precision,t1_q1_negative_instruction,2,"Response present, precision unclear"
ingest_qwen3_30b_thinking_baseline,instruction_precision,t1_q2_word_limit,2,"Response present, precision unclear"
ingest_qwen3_30b_thinking_baseline,instruction_precision,t1_q3_structured_format,2,"Response present, precision unclear"
ingest_qwen3_30b_thinking_baseline,instruction_precision,t1_q4_multiple_constraints,2,"Response present, precision unclear"
ingest_qwen3_32b_baseline,thinking,t3_q1_methodological_critique,3,Strong reasoning chain
ingest_qwen3_32b_baseline,thinking,t3_q2_causal_inference,2,Some reasoning present
ingest_qwen3_32b_baseline,thinking,t3_q3_reasoning_trap,3,Strong reasoning chain
ingest_qwen3_32b_baseline,thinking,t2_q1_paradox,3,Strong reasoning chain
ingest_qwen3_32b_baseline,thinking,t2_q2_counterfactual,2,Some reasoning present
ingest_qwen3_32b_baseline,thinking,t2_q3_formal,3,Strong reasoning chain
ingest_qwen3_32b_baseline,thinking,t2_q4_metacognition,3,Strong reasoning chain
ingest_qwen3_32b_baseline,thinking,t1_q1_multistep,2,Some reasoning present
ingest_qwen3_32b_baseline,thinking,t1_q2_hypothesis,3,Strong reasoning chain
ingest_qwen3_32b_baseline,thinking,t1_q3_planning,3,Strong reasoning chain
ingest_qwen3_32b_baseline,coder,t3_q1_concurrent_correctness,3,Code solution present
ingest_qwen3_32b_baseline,coder,t3_q2_distributed_consistency,1,No code in response
ingest_qwen3_32b_baseline,coder,t3_q3_algorithmic_hardness,3,Code solution present
ingest_qwen3_32b_baseline,coder,t2_q1_design,3,Code solution present
ingest_qwen3_32b_baseline,coder,t2_q2_debug_complex,3,Code solution present
ingest_qwen3_32b_baseline,coder,t2_q3_optimize,3,Code solution present
ingest_qwen3_32b_baseline,coder,t2_q4_system,3,Code solution present
ingest_qwen3_32b_baseline,coder,t1_q1_algorithm,3,Code solution present
ingest_qwen3_32b_baseline,coder,t1_q2_refactor,3,Code solution present
ingest_qwen3_32b_baseline,coder,t1_q3_test,3,Code solution present
ingest_qwen3_32b_baseline,agentic,t3_q1_competing_constraints,3,Tool call structure present
ingest_qwen3_32b_baseline,agentic,t3_q2_multi_agent_coordination,3,Tool call structure present
ingest_qwen3_32b_baseline,agentic,t3_q3_adversarial_robustness,3,Tool call structure present
ingest_qwen3_32b_baseline,agentic,t2_q1_ambiguous,3,Tool call structure present
ingest_qwen3_32b_baseline,agentic,t2_q2_error_chain,3,Tool call structure present
ingest_qwen3_32b_baseline,agentic,t2_q3_schema_edge,3,Tool call structure present
ingest_qwen3_32b_baseline,agentic,t2_q4_orchestration,3,Tool call structure present
ingest_qwen3_32b_baseline,agentic,t1_q1_sequential,3,Tool call structure present
ingest_qwen3_32b_baseline,agentic,t1_q2_error_handling,3,Tool call structure present
ingest_qwen3_32b_baseline,agentic,t1_q3_nested_params,3,Tool call structure present
ingest_qwen3_32b_baseline,general,t3_q1_policy_analysis,3,Substantive response
ingest_qwen3_32b_baseline,general,t3_q2_system_failure,3,Substantive response
ingest_qwen3_32b_baseline,general,t3_q3_strategic_communication,3,Substantive response
ingest_qwen3_32b_baseline,general,t2_q1_synthesis,3,Substantive response
ingest_qwen3_32b_baseline,general,t2_q2_transform,3,Substantive response
ingest_qwen3_32b_baseline,general,t2_q3_schedule,3,Substantive response
ingest_qwen3_32b_baseline,general,t2_q4_inconsistency,3,Substantive response
ingest_qwen3_32b_baseline,general,t1_q1_json,3,JSON format present
ingest_qwen3_32b_baseline,general,t1_q2_multistep,3,Substantive response
ingest_qwen3_32b_baseline,general,t1_q3_compare,3,Substantive response
ingest_qwen3_32b_baseline,math,t3_q1_analysis,2,Mathematical reasoning present
ingest_qwen3_32b_baseline,math,t3_q2_combinatorics,2,Mathematical reasoning present
ingest_qwen3_32b_baseline,math,t3_q3_probability_theory,2,Mathematical reasoning present
ingest_qwen3_32b_baseline,math,t2_q1_optimization,2,Mathematical reasoning present
ingest_qwen3_32b_baseline,math,t2_q2_proof,2,Mathematical reasoning present
ingest_qwen3_32b_baseline,math,t2_q3_calculus,2,Mathematical reasoning present
ingest_qwen3_32b_baseline,math,t2_q4_statistics,2,Mathematical reasoning present
ingest_qwen3_32b_baseline,math,t1_q1_word_problem,3,Contains expected answer '15'
ingest_qwen3_32b_baseline,math,t1_q2_system_equations,2,Mathematical reasoning present
ingest_qwen3_32b_baseline,math,t1_q3_probability,2,Mathematical reasoning present
ingest_qwen3_32b_baseline,instruction_precision,t3_q1_self_referential,2,"Response present, precision unclear"
ingest_qwen3_32b_baseline,instruction_precision,t3_q2_cascading_constraints,2,"Response present, precision unclear"
ingest_qwen3_32b_baseline,instruction_precision,t3_q3_meta_instruction,2,"Response present, precision unclear"
ingest_qwen3_32b_baseline,instruction_precision,t2_q1_resist_elaboration,2,"Response present, precision unclear"
ingest_qwen3_32b_baseline,instruction_precision,t2_q2_maintain_format,2,"Response present, precision unclear"
ingest_qwen3_32b_baseline,instruction_precision,t2_q3_empty_handling,2,"Response present, precision unclear"
ingest_qwen3_32b_baseline,instruction_precision,t2_q4_conflicting_constraints,2,"Response present, precision unclear"
ingest_qwen3_32b_baseline,instruction_precision,t1_q1_negative_instruction,2,"Response present, precision unclear"
ingest_qwen3_32b_baseline,instruction_precision,t1_q2_word_limit,2,"Response present, precision unclear"
ingest_qwen3_32b_baseline,instruction_precision,t1_q3_structured_format,2,"Response present, precision unclear"
ingest_qwen3_32b_baseline,instruction_precision,t1_q4_multiple_constraints,2,"Response present, precision unclear"
ingest_qwen3_coder_30b_baseline,agentic,t3_q1_competing_constraints,3,Tool call structure present
ingest_qwen3_coder_30b_baseline,agentic,t3_q2_multi_agent_coordination,3,Tool call structure present
ingest_qwen3_coder_30b_baseline,agentic,t3_q3_adversarial_robustness,3,Tool call structure present
ingest_qwen3_coder_30b_baseline,agentic,t2_q1_ambiguous,3,Tool call structure present
ingest_qwen3_coder_30b_baseline,agentic,t2_q2_error_chain,3,Tool call structure present
ingest_qwen3_coder_30b_baseline,agentic,t2_q3_schema_edge,3,Tool call structure present
ingest_qwen3_coder_30b_baseline,agentic,t2_q4_orchestration,3,Tool call structure present
ingest_qwen3_coder_30b_baseline,agentic,t1_q1_sequential,3,Tool call structure present
ingest_qwen3_coder_30b_baseline,agentic,t1_q2_error_handling,3,Tool call structure present
ingest_qwen3_coder_30b_baseline,agentic,t1_q3_nested_params,3,Tool call structure present
ingest_qwen3_coder_30b_baseline,general,t3_q1_policy_analysis,3,Substantive response
ingest_qwen3_coder_30b_baseline,general,t3_q2_system_failure,3,Substantive response
ingest_qwen3_coder_30b_baseline,general,t3_q3_strategic_communication,3,Substantive response
ingest_qwen3_coder_30b_baseline,general,t2_q1_synthesis,3,Substantive response
ingest_qwen3_coder_30b_baseline,general,t2_q2_transform,3,Substantive response
ingest_qwen3_coder_30b_baseline,general,t2_q3_schedule,3,Substantive response
ingest_qwen3_coder_30b_baseline,general,t2_q4_inconsistency,3,Substantive response
ingest_qwen3_coder_30b_baseline,general,t1_q1_json,3,JSON format present
ingest_qwen3_coder_30b_baseline,general,t1_q2_multistep,3,Substantive response
ingest_qwen3_coder_30b_baseline,general,t1_q3_compare,3,Substantive response
ingest_qwen3_coder_30b_baseline,long_context,t3_q1_multi_hop_reasoning,3,Detailed response
ingest_qwen3_coder_30b_baseline,long_context,t3_q2_contradiction_detection,3,Detailed response
ingest_qwen3_coder_30b_baseline,long_context,t3_q3_evolving_requirements,3,Detailed response
ingest_qwen3_coder_30b_baseline,long_context,t2_q1_deep_needle,3,Detailed response
ingest_qwen3_coder_30b_baseline,long_context,t2_q2_synthesis,3,Detailed response
ingest_qwen3_coder_30b_baseline,long_context,t2_q3_architecture,3,Detailed response
ingest_qwen3_coder_30b_baseline,long_context,t1_q1_needle,3,Detailed response
ingest_qwen3_coder_30b_baseline,long_context,t1_q2_multi_file,3,Detailed response
ingest_qwen3_coder_30b_baseline,long_context,t1_q3_extraction,3,Detailed response
ingest_qwen3_coder_30b_baseline,coder,t3_q1_concurrent_correctness,3,Code solution present
ingest_qwen3_coder_30b_baseline,coder,t3_q2_distributed_consistency,1,No code in response
ingest_qwen3_coder_30b_baseline,coder,t3_q3_algorithmic_hardness,1,No code in response
ingest_qwen3_coder_30b_baseline,coder,t2_q1_design,3,Code solution present
ingest_qwen3_coder_30b_baseline,coder,t2_q2_debug_complex,3,Code solution present
ingest_qwen3_coder_30b_baseline,coder,t2_q3_optimize,3,Code solution present
ingest_qwen3_coder_30b_baseline,coder,t2_q4_system,3,Code solution present
ingest_qwen3_coder_30b_baseline,coder,t1_q1_algorithm,3,Code solution present
ingest_qwen3_coder_30b_baseline,coder,t1_q2_refactor,3,Code solution present
ingest_qwen3_coder_30b_baseline,coder,t1_q3_test,3,Code solution present
ingest_qwen3_coder_30b_baseline,math,t3_q1_analysis,2,Mathematical reasoning present
ingest_qwen3_coder_30b_baseline,math,t3_q2_combinatorics,2,Mathematical reasoning present
ingest_qwen3_coder_30b_baseline,math,t3_q3_probability_theory,2,Mathematical reasoning present
ingest_qwen3_coder_30b_baseline,math,t2_q1_optimization,2,Mathematical reasoning present
ingest_qwen3_coder_30b_baseline,math,t2_q2_proof,2,Mathematical reasoning present
ingest_qwen3_coder_30b_baseline,math,t2_q3_calculus,2,Mathematical reasoning present
ingest_qwen3_coder_30b_baseline,math,t2_q4_statistics,2,Mathematical reasoning present
ingest_qwen3_coder_30b_baseline,math,t1_q1_word_problem,3,Contains expected answer '15'
ingest_qwen3_coder_30b_baseline,math,t1_q2_system_equations,2,Mathematical reasoning present
ingest_qwen3_coder_30b_baseline,math,t1_q3_probability,2,Mathematical reasoning present
ingest_qwen3_coder_30b_baseline,instruction_precision,t3_q1_self_referential,2,"Response present, precision unclear"
ingest_qwen3_coder_30b_baseline,instruction_precision,t3_q2_cascading_constraints,2,"Response present, precision unclear"
ingest_qwen3_coder_30b_baseline,instruction_precision,t3_q3_meta_instruction,2,"Response present, precision unclear"
ingest_qwen3_coder_30b_baseline,instruction_precision,t2_q1_resist_elaboration,2,"Response present, precision unclear"
ingest_qwen3_coder_30b_baseline,instruction_precision,t2_q2_maintain_format,2,"Response present, precision unclear"
ingest_qwen3_coder_30b_baseline,instruction_precision,t2_q3_empty_handling,2,"Response present, precision unclear"
ingest_qwen3_coder_30b_baseline,instruction_precision,t2_q4_conflicting_constraints,2,"Response present, precision unclear"
ingest_qwen3_coder_30b_baseline,instruction_precision,t1_q1_negative_instruction,2,"Response present, precision unclear"
ingest_qwen3_coder_30b_baseline,instruction_precision,t1_q2_word_limit,2,"Response present, precision unclear"
ingest_qwen3_coder_30b_baseline,instruction_precision,t1_q3_structured_format,2,"Response present, precision unclear"
ingest_qwen3_coder_30b_baseline,instruction_precision,t1_q4_multiple_constraints,2,"Response present, precision unclear"
ingest_qwen3_coder_30b_baseline,thinking,t3_q1_methodological_critique,2,Some reasoning present
ingest_qwen3_coder_30b_baseline,thinking,t3_q2_causal_inference,3,Strong reasoning chain
ingest_qwen3_coder_30b_baseline,thinking,t3_q3_reasoning_trap,3,Strong reasoning chain
ingest_qwen3_coder_30b_baseline,thinking,t2_q1_paradox,3,Strong reasoning chain
ingest_qwen3_coder_30b_baseline,thinking,t2_q2_counterfactual,2,Some reasoning present
ingest_qwen3_coder_30b_baseline,thinking,t2_q3_formal,3,Strong reasoning chain
ingest_qwen3_coder_30b_baseline,thinking,t2_q4_metacognition,2,Some reasoning present
ingest_qwen3_coder_30b_baseline,thinking,t1_q1_multistep,2,Some reasoning present
ingest_qwen3_coder_30b_baseline,thinking,t1_q2_hypothesis,1,Limited reasoning
ingest_qwen3_coder_30b_baseline,thinking,t1_q3_planning,3,Strong reasoning chain
